<manifest alg="2" build="2018.1.0.386" opt="false" iceEnabled="true" iceMarkupVersion="2" iceEnabledOptions="link,responsive,cachebuster,textStyling" exportTarget="other" domain="www.cbpmbuencafe.com" resolutions="1x" timestamp="1557866843592">
  <folder name="css">
    <file name="site_global.css" crc="444006867"/>
    <file name="master_a-p_g_-maestra.css" crc="3927192898" ref="modulo-2:modulo-1:modulos:index:modulo-3"/>
    <file name="nomq_preview_master_a-p_g_-maestra.css" crc="3824530138" ref="modulo-2:modulo-1:modulos:index:modulo-3"/>
    <file name="master_b-p_g_-maestra.css" crc="3921179497" ref="leccion-4:leccion-3-pagina-2:leccion-2:leccion-5-pagina-2:actividad-leccion-1:leccion-1-pagina-3:leccion-5:leccion-4-pagina-2:leccion-1-pagina-2:leccion-3:leccion-1:leccion-6-pagina-2:leccion-2-pagina-3:leccion-6:leccion-2-pagina-2"/>
    <file name="leccion-4.css" crc="4162875519" ref="leccion-4"/>
    <file name="modulo-2.css" crc="3975963801" ref="modulo-2"/>
    <file name="leccion-3-pagina-2.css" crc="4036226557" ref="leccion-3-pagina-2"/>
    <file name="leccion-2.css" crc="3982547692" ref="leccion-2"/>
    <file name="leccion-5-pagina-2.css" crc="3872592253" ref="leccion-5-pagina-2"/>
    <file name="modulo-1.css" crc="3813018632" ref="modulo-1"/>
    <file name="actividad-leccion-1.css" crc="155232451" ref="actividad-leccion-1"/>
    <file name="modulos.css" crc="169659557" ref="modulos"/>
    <file name="leccion-1-pagina-3.css" crc="264307364" ref="leccion-1-pagina-3"/>
    <file name="leccion-5.css" crc="3775702751" ref="leccion-5"/>
    <file name="index.css" crc="447599469" ref="index"/>
    <file name="nomq_index.css" crc="155928716" ref="index"/>
    <file name="leccion-4-pagina-2.css" crc="327515106" ref="leccion-4-pagina-2"/>
    <file name="leccion-1-pagina-2.css" crc="347815706" ref="leccion-1-pagina-2"/>
    <file name="leccion-3.css" crc="75165704" ref="leccion-3"/>
    <file name="leccion-1.css" crc="3951718475" ref="leccion-1"/>
    <file name="leccion-6-pagina-2.css" crc="4236456014" ref="leccion-6-pagina-2"/>
    <file name="leccion-2-pagina-3.css" crc="447783851" ref="leccion-2-pagina-3"/>
    <file name="modulo-3.css" crc="3975963801" ref="modulo-3"/>
    <file name="leccion-6.css" crc="3864711271" ref="leccion-6"/>
    <file name="leccion-2-pagina-2.css" crc="84919023" ref="leccion-2-pagina-2"/>
  </folder>
  <folder name="assets">
    <file name="captura-de-pantalla-2019-02-12-a-la(s)-3.47.17-p.-m..png" crc="495023687" seo="true" mt="1550004446000"/>
    <file name="cafe_verde.mp4" crc="145518554" seo="true" mt="1550003493000"/>
    <file name="captura-de-pantalla-2019-02-13-a-la(s)-3.18.05-p.-m..png" crc="201146890" seo="true" mt="1550089099000"/>
    <file name="liquido.mp4" crc="3766081846" seo="true" mt="1550005023000"/>
    <file name="captura-de-pantalla-2019-02-13-a-la(s)-3.14.33-p.-m..png" crc="4107583393" seo="true" mt="1550088879000"/>
    <file name="tostacion.mp4" crc="124271455" seo="true" mt="1550004071000"/>
    <file name="captura-de-pantalla-2019-02-13-a-la(s)-3.15.30-p.-m..png" crc="4208618081" seo="true" mt="1550088936000"/>
    <file name="captura-de-pantalla-2019-02-13-a-la(s)-3.13.21-p.-m..png" crc="4028020221" seo="true" mt="1550088807000"/>
    <file name="empaque.mp4" crc="233855556" seo="true" mt="1550006904000"/>
    <file name="captura-de-pantalla-2019-02-13-a-la(s)-3.12.19-p.-m..png" crc="226863423" seo="true" mt="1550088745000"/>
    <file name="liofilizacion.mp4" crc="4193575634" seo="true" mt="1557158996000"/>
    <file name="captura-de-pantalla-2019-05-08-a-la(s)-2.40.18-p.-m..png" crc="115351986" seo="true" mt="1557344426000"/>
    <file name="lavado_manos.mp4" crc="3981038231" seo="true" mt="1557261683000"/>
    <file name="diseno_y_construccion_2.mp4" crc="29727005" seo="true" mt="1550273515000"/>
    <file name="captura-de-pantalla-2019-05-08-a-la(s)-5.11.47-p.-m..png" crc="143298503" seo="true" mt="1557353514000"/>
    <file name="bioluminiscencia.mp4" crc="3993873863" seo="true" mt="1557370654000"/>
  </folder>
  <folder name="scripts">
    <file name="jquery-1.8.3.min.js" crc="209076791" ref="index:modulos:modulo-1:modulo-2:modulo-3:leccion-1:leccion-1-pagina-2:leccion-1-pagina-3:actividad-leccion-1:leccion-2:leccion-2-pagina-2:leccion-2-pagina-3:leccion-3:leccion-3-pagina-2:leccion-4:leccion-4-pagina-2:leccion-5:leccion-5-pagina-2:leccion-6:leccion-6-pagina-2"/>
    <file name="museutils.js" crc="340535759" ref="index:modulos:modulo-1:modulo-2:modulo-3:leccion-1:leccion-1-pagina-2:leccion-1-pagina-3:actividad-leccion-1:leccion-2:leccion-2-pagina-2:leccion-2-pagina-3:leccion-3:leccion-3-pagina-2:leccion-4:leccion-4-pagina-2:leccion-5:leccion-5-pagina-2:leccion-6:leccion-6-pagina-2"/>
    <file name="whatinput.js" crc="86476730" ref="index:modulos:modulo-1:modulo-2:modulo-3:leccion-1:leccion-1-pagina-2:leccion-1-pagina-3:actividad-leccion-1:leccion-2:leccion-2-pagina-2:leccion-2-pagina-3:leccion-3:leccion-3-pagina-2:leccion-4:leccion-4-pagina-2:leccion-5:leccion-5-pagina-2:leccion-6:leccion-6-pagina-2"/>
    <file name="museconfig.js" crc="4286661555" ref="index:modulos:modulo-1:modulo-2:modulo-3:leccion-1:leccion-1-pagina-2:leccion-1-pagina-3:actividad-leccion-1:leccion-2:leccion-2-pagina-2:leccion-2-pagina-3:leccion-3:leccion-3-pagina-2:leccion-4:leccion-4-pagina-2:leccion-5:leccion-5-pagina-2:leccion-6:leccion-6-pagina-2"/>
    <file name="jquery.watch.js" crc="51536988" ref="index:modulos:modulo-1:modulo-2:modulo-3:leccion-1:leccion-1-pagina-2:leccion-1-pagina-3:actividad-leccion-1:leccion-2:leccion-2-pagina-2:leccion-2-pagina-3:leccion-3:leccion-3-pagina-2:leccion-4:leccion-4-pagina-2:leccion-5:leccion-5-pagina-2:leccion-6:leccion-6-pagina-2"/>
    <file name="jquery.scrolleffects.js" crc="39568856" ref="index:leccion-1:leccion-1-pagina-2:leccion-1-pagina-3:leccion-2:leccion-2-pagina-2:leccion-2-pagina-3:leccion-3:leccion-3-pagina-2:leccion-4:leccion-4-pagina-2:leccion-5:leccion-5-pagina-2:leccion-6:leccion-6-pagina-2"/>
    <file name="jquery.museresponsive.js" crc="527716135" ref="index"/>
    <file name="require.js" crc="7928878" ref="index:modulos:modulo-1:modulo-2:modulo-3:leccion-1:leccion-1-pagina-2:leccion-1-pagina-3:actividad-leccion-1:leccion-2:leccion-2-pagina-2:leccion-2-pagina-3:leccion-3:leccion-3-pagina-2:leccion-4:leccion-4-pagina-2:leccion-5:leccion-5-pagina-2:leccion-6:leccion-6-pagina-2"/>
    <file name="webpro.js" crc="4059564322" ref="modulos:modulo-1:leccion-1:leccion-2:leccion-2-pagina-2:leccion-3:leccion-4:leccion-5:leccion-6"/>
    <file name="musewpdisclosure.js" crc="3883500470" ref="modulos:modulo-1:leccion-1:leccion-2:leccion-3:leccion-4:leccion-5:leccion-6"/>
    <file name="jquery.musepolyfill.bgsize.js" crc="4260645839" ref="leccion-1:leccion-1-pagina-2"/>
    <file name="musewpslideshow.js" crc="3862962738" ref="leccion-2:leccion-2-pagina-2:leccion-6"/>
    <file name="jquery.museoverlay.js" crc="4147669564" ref="leccion-2:leccion-2-pagina-2:leccion-6"/>
    <file name="touchswipe.js" crc="4075097462" ref="leccion-2:leccion-2-pagina-2:leccion-6"/>
  </folder>
  <folder name="images">
    <file name="favicon.ico" crc="4209280601" ref="index"/>
    <file name="logo-header.png" crc="4287049649" seo="true" ref="index:modulos:modulo-1:modulo-2:modulo-3:leccion-1:leccion-1-pagina-2:leccion-1-pagina-3:actividad-leccion-1:leccion-2:leccion-2-pagina-2:leccion-2-pagina-3:leccion-3:leccion-3-pagina-2:leccion-4:leccion-4-pagina-2:leccion-5:leccion-5-pagina-2:leccion-6:leccion-6-pagina-2">
      <caption webpage="modulos" alt=""/>
      <caption webpage="modulos" alt=""/>
      <caption webpage="leccion-5-pagina-2" alt=""/>
      <caption webpage="leccion-5-pagina-2" alt=""/>
      <caption webpage="modulo-3" alt=""/>
      <caption webpage="modulo-3" alt=""/>
      <caption webpage="leccion-2-pagina-2" alt=""/>
      <caption webpage="leccion-2-pagina-2" alt=""/>
      <caption webpage="actividad-leccion-1" alt=""/>
      <caption webpage="actividad-leccion-1" alt=""/>
      <caption webpage="leccion-4" alt=""/>
      <caption webpage="leccion-4" alt=""/>
      <caption webpage="index" alt=""/>
      <caption webpage="index" alt=""/>
      <caption webpage="index" alt=""/>
      <caption webpage="index" alt=""/>
      <caption webpage="leccion-1" alt=""/>
      <caption webpage="leccion-1" alt=""/>
      <caption webpage="leccion-3-pagina-2" alt=""/>
      <caption webpage="leccion-3-pagina-2" alt=""/>
      <caption webpage="leccion-4-pagina-2" alt=""/>
      <caption webpage="leccion-4-pagina-2" alt=""/>
      <caption webpage="leccion-6-pagina-2" alt=""/>
      <caption webpage="leccion-6-pagina-2" alt=""/>
      <caption webpage="modulo-2" alt=""/>
      <caption webpage="modulo-2" alt=""/>
      <caption webpage="leccion-6" alt=""/>
      <caption webpage="leccion-6" alt=""/>
      <caption webpage="leccion-5" alt=""/>
      <caption webpage="leccion-5" alt=""/>
      <caption webpage="leccion-2-pagina-3" alt=""/>
      <caption webpage="leccion-2-pagina-3" alt=""/>
      <caption webpage="leccion-2" alt=""/>
      <caption webpage="leccion-2" alt=""/>
      <caption webpage="leccion-1-pagina-2" alt=""/>
      <caption webpage="leccion-1-pagina-2" alt=""/>
      <caption webpage="modulo-1" alt=""/>
      <caption webpage="modulo-1" alt=""/>
      <caption webpage="leccion-1-pagina-3" alt=""/>
      <caption webpage="leccion-1-pagina-3" alt=""/>
      <caption webpage="leccion-3" alt=""/>
      <caption webpage="leccion-3" alt=""/>
    </file>
    <file name="blank.gif" crc="4208392903" ref="index:modulos:modulo-1:modulo-2:modulo-3:leccion-1:leccion-1-pagina-2:leccion-1-pagina-3:actividad-leccion-1:leccion-2:leccion-2-pagina-2:leccion-2-pagina-3:leccion-3:leccion-3-pagina-2:leccion-4:leccion-4-pagina-2:leccion-5:leccion-5-pagina-2:leccion-6:leccion-6-pagina-2"/>
    <file name="u171_states.png" crc="295272595" ref="index:modulos:modulo-1:modulo-2:modulo-3"/>
    <file name="u171_states-r.png" crc="330902570" ref="index:modulos:modulo-1:modulo-2:modulo-3"/>
    <file name="u171_states-a.png" crc="83001681" ref="index:modulos:modulo-1:modulo-2:modulo-3"/>
    <file name="u174_states.png" crc="260372978" ref="index:modulos:modulo-1:modulo-2:modulo-3"/>
    <file name="u174_states-r.png" crc="3993892003" ref="index:modulos:modulo-1:modulo-2:modulo-3"/>
    <file name="u174_states-a.png" crc="4169076137" ref="index:modulos:modulo-1:modulo-2:modulo-3"/>
    <file name="home-1.jpg" crc="193512290" ref="index">
      <caption webpage="index" alt=""/>
      <caption webpage="index" alt=""/>
    </file>
    <file name="u235-4.png" crc="234799382" ref="index"/>
    <file name="u236_states.png" crc="5069311" ref="index"/>
    <file name="u236_states-r.png" crc="222183300" ref="index"/>
    <file name="u180-4.png" crc="516014836" ref="index:modulos:modulo-1:modulo-2:modulo-3"/>
    <file name="u164-6.png" crc="162288977" ref="index:modulos:modulo-1:modulo-2:modulo-3"/>
    <file name="u235-42.png" crc="3975694927" ref="index"/>
    <file name="u236_states2.png" crc="219625192" ref="index"/>
    <file name="u236_states-r2.png" crc="4019456163" ref="index"/>
    <file name="u650-4.png" crc="4119255535" ref="modulos"/>
    <file name="svg-pegado-1446275x1012.svg" crc="315764169" seo="true" ref="modulos">
      <caption webpage="modulos" alt=""/>
    </file>
    <file name="svg pegado 1446275x1012_poster_.png" crc="4176982327" ref="modulos"/>
    <file name="website.png" crc="3886610874" seo="true" ref="modulos">
      <caption webpage="modulos" alt=""/>
    </file>
    <file name="u314-4.png" crc="4107377763" ref="modulos"/>
    <file name="u358-11.png" crc="427124053" ref="modulos"/>
    <file name="u454.png" crc="86306523" ref="modulos"/>
    <file name="u454-r.png" crc="61904430" ref="modulos"/>
    <file name="u454-m.png" crc="61904430" ref="modulos"/>
    <file name="u454-a.png" crc="3932891252" ref="modulos"/>
    <file name="u456-7.png" crc="3859996657" ref="modulos"/>
    <file name="u462.png" crc="4197584289" ref="modulos"/>
    <file name="u462-r.png" crc="28066746" ref="modulos"/>
    <file name="u462-m.png" crc="28066746" ref="modulos"/>
    <file name="u462-a.png" crc="343217020" ref="modulos"/>
    <file name="u464-4.png" crc="181159694" ref="modulos"/>
    <file name="u458.png" crc="4089956059" ref="modulos"/>
    <file name="u458-r.png" crc="224445129" ref="modulos"/>
    <file name="u458-m.png" crc="224445129" ref="modulos"/>
    <file name="u458-a.png" crc="115951271" ref="modulos"/>
    <file name="u460-7.png" crc="299483955" ref="modulos"/>
    <file name="u509.png" crc="4142882712" ref="modulos"/>
    <file name="u509-r.png" crc="3798469206" ref="modulos"/>
    <file name="u509-m.png" crc="3798469206" ref="modulos"/>
    <file name="u509-a.png" crc="390841902" ref="modulos"/>
    <file name="u521-4.png" crc="3794906060" ref="modulos"/>
    <file name="u9430.png" crc="130888857" ref="modulos"/>
    <file name="u9430-r.png" crc="432906938" ref="modulos"/>
    <file name="u9430-m.png" crc="432906938" ref="modulos"/>
    <file name="u9430-a.png" crc="3831234549" ref="modulos"/>
    <file name="u9464-4.png" crc="445573231" ref="modulos"/>
    <file name="u9468.png" crc="11403277" ref="modulos"/>
    <file name="u9468-r.png" crc="522793841" ref="modulos"/>
    <file name="u9468-m.png" crc="522793841" ref="modulos"/>
    <file name="u9468-a.png" crc="91667459" ref="modulos"/>
    <file name="u9478-41.png" crc="95594582" ref="modulos"/>
    <file name="svg-pegado-347x347.svg" crc="376813658" seo="true" ref="modulos">
      <caption webpage="modulos" alt=""/>
    </file>
    <file name="svg pegado 347x347_poster_.png" crc="42313989" ref="modulos"/>
    <file name="u2930-4.png" crc="20034138" ref="modulos"/>
    <file name="modulo_3.jpg" crc="138299614" seo="true" ref="modulos">
      <caption webpage="modulos" alt=""/>
    </file>
    <file name="svg-pegado-288x182.svg" crc="3894392071" seo="true" ref="modulos">
      <caption webpage="modulos" alt=""/>
    </file>
    <file name="svg pegado 288x182_poster_.png" crc="4052355858" ref="modulos"/>
    <file name="u4731-6.png" crc="3910790389" ref="modulos"/>
    <file name="industrial_liofilizado_pixlab_0117.jpg" crc="419545592" seo="true" ref="modulos">
      <caption webpage="modulos" alt=""/>
    </file>
    <file name="svg-pegado-288x1822.svg" crc="62031201" seo="true" ref="modulos">
      <caption webpage="modulos" alt=""/>
    </file>
    <file name="svg pegado 288x182_poster_2.png" crc="4070993482" ref="modulos"/>
    <file name="u4727-6.png" crc="3910790389" ref="modulos"/>
    <file name="industrial_liofilizado_pixlab_0001.jpg" crc="3784122253" seo="true" ref="modulos">
      <caption webpage="modulos" alt=""/>
    </file>
    <file name="svg-pegado-288x1823.svg" crc="3852666281" seo="true" ref="modulos">
      <caption webpage="modulos" alt=""/>
    </file>
    <file name="svg pegado 288x182_poster_3.png" crc="4236080500" ref="modulos"/>
    <file name="svg-pegado-288x1824.svg" crc="265531499" seo="true" ref="modulos">
      <caption webpage="modulos" alt=""/>
    </file>
    <file name="svg pegado 288x182_poster_4.png" crc="437718815" ref="modulos"/>
    <file name="u820-4.png" crc="118167277" ref="modulo-1"/>
    <file name="u825-5.png" crc="398589641" ref="modulo-1"/>
    <file name="cafelio-modulo-1.gif" crc="318236701" seo="true" ref="modulo-1">
      <caption webpage="modulo-1" alt=""/>
    </file>
    <file name="u879.png" crc="205918158" ref="modulo-1"/>
    <file name="u879-r.png" crc="35830800" ref="modulo-1"/>
    <file name="u879-m.png" crc="35830800" ref="modulo-1"/>
    <file name="u879-a.png" crc="51186279" ref="modulo-1"/>
    <file name="u878-43.png" crc="224774831" ref="modulo-1"/>
    <file name="u883.png" crc="3814781683" ref="modulo-1"/>
    <file name="u883-r.png" crc="4213203937" ref="modulo-1"/>
    <file name="u883-m.png" crc="4213203937" ref="modulo-1"/>
    <file name="u883-a.png" crc="3869650352" ref="modulo-1"/>
    <file name="u882-5.png" crc="4120183761" ref="modulo-1"/>
    <file name="u843-10.png" crc="3795922432" ref="modulo-1"/>
    <file name="svg-pegado-92x91.svg" crc="319934401" seo="true" ref="modulo-1">
      <caption webpage="modulo-1" alt=""/>
    </file>
    <file name="svg pegado 92x91_poster_.png" crc="3959908716" ref="modulo-1"/>
    <file name="u996-4.png" crc="376148623" ref="modulo-1"/>
    <file name="u2924-4.png" crc="3968869156" ref="modulo-1"/>
    <file name="leccion_2_2-crop-u981.jpg" crc="3790474996" seo="true" ref="modulo-1">
      <caption webpage="modulo-1" alt=""/>
    </file>
    <file name="leccion_3_1.jpg" crc="73719747" seo="true" ref="modulo-1">
      <caption webpage="modulo-1" alt=""/>
    </file>
    <file name="svg-pegado-342x227.svg" crc="4232127628" seo="true" ref="modulo-1">
      <caption webpage="modulo-1" alt=""/>
    </file>
    <file name="svg pegado 342x227_poster_.png" crc="377452835" ref="modulo-1"/>
    <file name="svg-pegado-342x2272.svg" crc="4086339993" seo="true" ref="modulo-1">
      <caption webpage="modulo-1" alt=""/>
    </file>
    <file name="svg pegado 342x227_poster_2.png" crc="4289610952" ref="modulo-1"/>
    <file name="leccion_1_1.jpg" crc="130545711" seo="true" ref="modulo-1">
      <caption webpage="modulo-1" alt=""/>
    </file>
    <file name="svg-pegado-342x2273.svg" crc="485869710" seo="true" ref="modulo-1">
      <caption webpage="modulo-1" alt=""/>
    </file>
    <file name="svg pegado 342x227_poster_3.png" crc="4194756973" ref="modulo-1"/>
    <file name="leccion_4_1.jpg" crc="441741188" seo="true" ref="modulo-1">
      <caption webpage="modulo-1" alt=""/>
    </file>
    <file name="leccion_5_1.jpg" crc="4229850213" seo="true" ref="modulo-1">
      <caption webpage="modulo-1" alt=""/>
    </file>
    <file name="leccion_6_1.jpg" crc="501536207" seo="true" ref="modulo-1">
      <caption webpage="modulo-1" alt=""/>
    </file>
    <file name="svg-pegado-342x2274.svg" crc="4200375209" seo="true" ref="modulo-1">
      <caption webpage="modulo-1" alt=""/>
    </file>
    <file name="svg pegado 342x227_poster_4.png" crc="4103554950" ref="modulo-1"/>
    <file name="svg-pegado-342x2275.svg" crc="4171033341" seo="true" ref="modulo-1">
      <caption webpage="modulo-1" alt=""/>
    </file>
    <file name="svg pegado 342x227_poster_5.png" crc="3767951703" ref="modulo-1"/>
    <file name="svg-pegado-342x2276.svg" crc="502355578" seo="true" ref="modulo-1">
      <caption webpage="modulo-1" alt=""/>
    </file>
    <file name="svg pegado 342x227_poster_6.png" crc="345635494" ref="modulo-1"/>
    <file name="2_alterado_aglomerado.jpg" crc="349406241" ref="leccion-1">
      <caption webpage="leccion-1" alt=""/>
    </file>
    <file name="svg-pegado-512002x458.svg" crc="4223149253" seo="true" ref="leccion-1">
      <caption webpage="leccion-1" alt=""/>
    </file>
    <file name="svg pegado 512002x458_poster_.png" crc="4213857539" ref="leccion-1"/>
    <file name="alimento_contaminado.jpg" crc="339026116" ref="leccion-1">
      <caption webpage="leccion-1" alt=""/>
    </file>
    <file name="alimento_perecedero.jpg" crc="9547680" ref="leccion-1">
      <caption webpage="leccion-1" alt=""/>
    </file>
    <file name="u1548-4.png" crc="335077476" ref="leccion-1"/>
    <file name="u1545-4.png" crc="90637932" ref="leccion-1"/>
    <file name="u1542-4.png" crc="4192982452" ref="leccion-1"/>
    <file name="u1597-4.png" crc="4192982452" ref="leccion-1"/>
    <file name="u1539-4.png" crc="217407858" ref="leccion-1"/>
    <file name="u1594-4.png" crc="4070061007" ref="leccion-1"/>
    <file name="u1533-4.png" crc="144183012" ref="leccion-1"/>
    <file name="u1536-4.png" crc="66119070" ref="leccion-1"/>
    <file name="u1524-4.png" crc="3904148088" ref="leccion-1"/>
    <file name="u1588-4.png" crc="4188552930" ref="leccion-1"/>
    <file name="u1591-4.png" crc="4021380871" ref="leccion-1"/>
    <file name="svg-pegado-582037x479.svg" crc="4178737016" seo="true" ref="leccion-1">
      <caption webpage="leccion-1" alt=""/>
    </file>
    <file name="svg pegado 582037x479_poster_.png" crc="165285821" ref="leccion-1"/>
    <file name="u1457-4.png" crc="396827138" ref="leccion-1"/>
    <file name="u1505-4.png" crc="4001198016" ref="leccion-1"/>
    <file name="u1555-4.png" crc="4037852734" ref="leccion-1"/>
    <file name="u1609-4.png" crc="4037852734" ref="leccion-1"/>
    <file name="u1670-4.png" crc="4037852734" ref="leccion-1"/>
    <file name="u1723-4.png" crc="4037852734" ref="leccion-1"/>
    <file name="u1552-7.png" crc="4238084935" ref="leccion-1"/>
    <file name="u1606-8.png" crc="131198195" ref="leccion-1"/>
    <file name="u1667-8.png" crc="457165069" ref="leccion-1"/>
    <file name="u1726-8.png" crc="3972116382" ref="leccion-1"/>
    <file name="u1582-4.png" crc="98438555" ref="leccion-1"/>
    <file name="u1656-4.png" crc="4113342965" ref="leccion-1"/>
    <file name="u1712-4.png" crc="302314919" ref="leccion-1"/>
    <file name="u1530-4.png" crc="52021203" ref="leccion-1"/>
    <file name="u1521-4.png" crc="4222179477" ref="leccion-1"/>
    <file name="u1579-4.png" crc="272919683" ref="leccion-1"/>
    <file name="u1653-4.png" crc="73037954" ref="leccion-1"/>
    <file name="u1709-4.png" crc="3823732753" ref="leccion-1"/>
    <file name="u1499-6.png" crc="530850441" ref="leccion-1"/>
    <file name="u1261-4.png" crc="360754515" ref="leccion-1"/>
    <file name="u1262-4.png" crc="226142831" ref="leccion-1"/>
    <file name="u1349_states.png" crc="4133048338" ref="leccion-1:leccion-1-pagina-2:leccion-1-pagina-3:actividad-leccion-1:leccion-2:leccion-2-pagina-2:leccion-2-pagina-3:leccion-3:leccion-3-pagina-2:leccion-4:leccion-4-pagina-2:leccion-5:leccion-5-pagina-2:leccion-6:leccion-6-pagina-2"/>
    <file name="u1349_states-r.png" crc="4181773096" ref="leccion-1:leccion-1-pagina-2:leccion-1-pagina-3:actividad-leccion-1:leccion-2:leccion-2-pagina-2:leccion-2-pagina-3:leccion-3:leccion-3-pagina-2:leccion-4:leccion-4-pagina-2:leccion-5:leccion-5-pagina-2:leccion-6:leccion-6-pagina-2"/>
    <file name="u1349_states-a.png" crc="426512644" ref="leccion-1:leccion-1-pagina-2:leccion-1-pagina-3:actividad-leccion-1:leccion-2:leccion-2-pagina-2:leccion-2-pagina-3:leccion-3:leccion-3-pagina-2:leccion-4:leccion-4-pagina-2:leccion-5:leccion-5-pagina-2:leccion-6:leccion-6-pagina-2"/>
    <file name="u1350_states.png" crc="3758872662" ref="leccion-1:leccion-1-pagina-2:leccion-1-pagina-3:actividad-leccion-1:leccion-2:leccion-2-pagina-2:leccion-2-pagina-3:leccion-3:leccion-3-pagina-2:leccion-4:leccion-4-pagina-2:leccion-5:leccion-5-pagina-2:leccion-6:leccion-6-pagina-2"/>
    <file name="u1350_states-r.png" crc="3965337562" ref="leccion-1:leccion-1-pagina-2:leccion-1-pagina-3:actividad-leccion-1:leccion-2:leccion-2-pagina-2:leccion-2-pagina-3:leccion-3:leccion-3-pagina-2:leccion-4:leccion-4-pagina-2:leccion-5:leccion-5-pagina-2:leccion-6:leccion-6-pagina-2"/>
    <file name="u1350_states-a.png" crc="3848403389" ref="leccion-1:leccion-1-pagina-2:leccion-1-pagina-3:actividad-leccion-1:leccion-2:leccion-2-pagina-2:leccion-2-pagina-3:leccion-3:leccion-3-pagina-2:leccion-4:leccion-4-pagina-2:leccion-5:leccion-5-pagina-2:leccion-6:leccion-6-pagina-2"/>
    <file name="u9622.png" crc="109501807" ref="leccion-1"/>
    <file name="u9622-r.png" crc="196000465" ref="leccion-1"/>
    <file name="u9622-m.png" crc="196000465" ref="leccion-1"/>
    <file name="u9622-a.png" crc="3935787501" ref="leccion-1"/>
    <file name="u9624-21.png" crc="193107399" ref="leccion-1"/>
    <file name="svg-pegado-480x480.svg" crc="3922760821" seo="true" ref="leccion-1">
      <caption webpage="leccion-1" alt=""/>
    </file>
    <file name="svg pegado 480x480_poster_.png" crc="70568172" ref="leccion-1"/>
    <file name="cafelio-leccion1.gif" crc="307203779" seo="true" ref="leccion-1">
      <caption webpage="leccion-1" alt=""/>
    </file>
    <file name="u1397-4.png" crc="3808727871" ref="leccion-1"/>
    <file name="u1403-6.png" crc="120688822" ref="leccion-1"/>
    <file name="svg-pegado-512x511.svg" crc="4173208831" seo="true" ref="leccion-1">
      <caption webpage="leccion-1" alt=""/>
    </file>
    <file name="svg pegado 512x511_poster_.png" crc="445028808" ref="leccion-1"/>
    <file name="u1460-4.png" crc="4018246847" ref="leccion-1"/>
    <file name="u1729_states.png" crc="4242697433" ref="leccion-1"/>
    <file name="u1729_states-r.png" crc="333450244" ref="leccion-1"/>
    <file name="u9396-4.png" crc="276274111" ref="leccion-1:leccion-1-pagina-2:leccion-1-pagina-3:actividad-leccion-1:leccion-2:leccion-2-pagina-2:leccion-2-pagina-3:leccion-3:leccion-3-pagina-2:leccion-4:leccion-4-pagina-2:leccion-5:leccion-5-pagina-2:leccion-6:leccion-6-pagina-2"/>
    <file name="u9212-6.png" crc="299181344" ref="leccion-1:leccion-1-pagina-2:leccion-1-pagina-3:actividad-leccion-1:leccion-2:leccion-2-pagina-2:leccion-2-pagina-3:leccion-3:leccion-3-pagina-2:leccion-4:leccion-4-pagina-2:leccion-5:leccion-5-pagina-2:leccion-6:leccion-6-pagina-2"/>
    <file name="u1908-4.png" crc="4167474793" ref="leccion-1-pagina-2"/>
    <file name="u1851-4.png" crc="4048948526" ref="leccion-1-pagina-2"/>
    <file name="u1887-4.png" crc="4166232359" ref="leccion-1-pagina-2"/>
    <file name="u1902-4.png" crc="3884982722" ref="leccion-1-pagina-2"/>
    <file name="u1863-4.png" crc="3774615412" ref="leccion-1-pagina-2"/>
    <file name="u1884-4.png" crc="483419089" ref="leccion-1-pagina-2"/>
    <file name="u1836-4.png" crc="4001198016" ref="leccion-1-pagina-2"/>
    <file name="u1802-4.png" crc="3900750724" ref="leccion-1-pagina-2"/>
    <file name="u1822-4.png" crc="360754515" ref="leccion-1-pagina-2"/>
    <file name="u1823-5.png" crc="3761510180" ref="leccion-1-pagina-2"/>
    <file name="u1796_states.png" crc="4078839827" ref="leccion-1-pagina-2"/>
    <file name="u1796_states-r.png" crc="3847945326" ref="leccion-1-pagina-2"/>
    <file name="webbp28_1500x1000.jpg" crc="4165752237" ref="leccion-1-pagina-2">
      <caption webpage="leccion-1-pagina-2" alt=""/>
    </file>
    <file name="svg-pegado-496x496.svg" crc="273370021" seo="true" ref="leccion-1-pagina-2">
      <caption webpage="leccion-1-pagina-2" alt=""/>
    </file>
    <file name="svg pegado 496x496_poster_.png" crc="427362018" ref="leccion-1-pagina-2"/>
    <file name="u1781-4.png" crc="195823673" ref="leccion-1-pagina-2"/>
    <file name="u1803-4.png" crc="435631489" ref="leccion-1-pagina-2"/>
    <file name="u1833-12.png" crc="3978719229" ref="leccion-1-pagina-2"/>
    <file name="u1839-4.png" crc="99154061" ref="leccion-1-pagina-2"/>
    <file name="u1860-4.png" crc="105229554" ref="leccion-1-pagina-2"/>
    <file name="u1890-4.png" crc="4253176529" ref="leccion-1-pagina-2"/>
    <file name="u1875-4.png" crc="293999046" ref="leccion-1-pagina-2"/>
    <file name="u1899-10.png" crc="479175573" ref="leccion-1-pagina-2"/>
    <file name="u4884-4.png" crc="3988794040" ref="leccion-1-pagina-2"/>
    <file name="svg-pegado-347x3472.svg" crc="278050298" seo="true" ref="leccion-1-pagina-2">
      <caption webpage="leccion-1-pagina-2" alt=""/>
    </file>
    <file name="svg pegado 347x347_poster_2.png" crc="395253984" ref="leccion-1-pagina-2"/>
    <file name="u1905-4.png" crc="150676037" ref="leccion-1-pagina-2"/>
    <file name="u1911_states.png" crc="4242697433" ref="leccion-1-pagina-2"/>
    <file name="u1911_states-r.png" crc="333450244" ref="leccion-1-pagina-2"/>
    <file name="u4963-5.png" crc="271685807" ref="leccion-1-pagina-3"/>
    <file name="u4979-5.png" crc="286173335" ref="leccion-1-pagina-3"/>
    <file name="u4988-5.png" crc="3837244847" ref="leccion-1-pagina-3"/>
    <file name="u4976-5.png" crc="32660694" ref="leccion-1-pagina-3"/>
    <file name="u4982-5.png" crc="343713538" ref="leccion-1-pagina-3"/>
    <file name="u4985-5.png" crc="163288692" ref="leccion-1-pagina-3"/>
    <file name="svg-pegado-55702x55.svg" crc="4017418074" seo="true" ref="leccion-1-pagina-3">
      <caption webpage="leccion-1-pagina-3" alt=""/>
      <caption webpage="leccion-1-pagina-3" alt=""/>
      <caption webpage="leccion-1-pagina-3" alt=""/>
    </file>
    <file name="svg pegado 55702x55_poster_.png" crc="3937877984" ref="leccion-1-pagina-3"/>
    <file name="u1950-4.png" crc="5396600" ref="leccion-1-pagina-3"/>
    <file name="u2073-6.png" crc="130250229" ref="leccion-1-pagina-3"/>
    <file name="u2074-4.png" crc="4157623416" ref="leccion-1-pagina-3"/>
    <file name="u4991-4.png" crc="422436632" ref="leccion-1-pagina-3"/>
    <file name="u4994-4.png" crc="177418656" ref="leccion-1-pagina-3"/>
    <file name="u5000-4.png" crc="3770058671" ref="leccion-1-pagina-3"/>
    <file name="u5006-4.png" crc="4137904943" ref="leccion-1-pagina-3"/>
    <file name="u5009-4.png" crc="4294532286" ref="leccion-1-pagina-3"/>
    <file name="u5012-4.png" crc="3934996404" ref="leccion-1-pagina-3"/>
    <file name="u2079_states.png" crc="390089599" ref="leccion-1-pagina-3"/>
    <file name="u2079_states-r.png" crc="3839584812" ref="leccion-1-pagina-3"/>
    <file name="svg-pegado-279x279.svg" crc="3983425371" seo="true" ref="leccion-1-pagina-3:leccion-2-pagina-2:leccion-3:leccion-4:leccion-5:leccion-6">
      <caption webpage="leccion-6" alt=""/>
      <caption webpage="leccion-5" alt=""/>
      <caption webpage="leccion-1-pagina-3" alt=""/>
      <caption webpage="leccion-2-pagina-2" alt=""/>
      <caption webpage="leccion-3" alt=""/>
      <caption webpage="leccion-4" alt=""/>
    </file>
    <file name="svg pegado 279x279_poster_.png" crc="3771854584" ref="leccion-1-pagina-3"/>
    <file name="u1939-4.png" crc="360754515" ref="leccion-1-pagina-3"/>
    <file name="u1940-5.png" crc="3761510180" ref="leccion-1-pagina-3"/>
    <file name="u1947_states.png" crc="4078839827" ref="leccion-1-pagina-3"/>
    <file name="u1947_states-r.png" crc="3847945326" ref="leccion-1-pagina-3"/>
    <file name="svg-pegado-512x454.svg" crc="4038674195" seo="true" ref="leccion-1-pagina-3">
      <caption webpage="leccion-1-pagina-3" alt=""/>
    </file>
    <file name="svg pegado 512x454_poster_.png" crc="4184068977" ref="leccion-1-pagina-3"/>
    <file name="u1948-4.png" crc="10789359" ref="leccion-1-pagina-3"/>
    <file name="utilizacion_1_1.jpg" crc="4125801542" seo="true" ref="leccion-1-pagina-3">
      <caption webpage="leccion-1-pagina-3" alt=""/>
    </file>
    <file name="u1951-8.png" crc="3821779121" ref="leccion-1-pagina-3"/>
    <file name="svg-pegado-480x416.svg" crc="3938191341" seo="true" ref="leccion-1-pagina-3">
      <caption webpage="leccion-1-pagina-3" alt=""/>
    </file>
    <file name="svg pegado 480x416_poster_.png" crc="365073304" ref="leccion-1-pagina-3"/>
    <file name="u1998-4.png" crc="385436386" ref="leccion-1-pagina-3"/>
    <file name="u2023-4.png" crc="3867295093" ref="leccion-1-pagina-3"/>
    <file name="u2029-4.png" crc="4270562161" ref="leccion-1-pagina-3"/>
    <file name="u2026-6.png" crc="190258820" ref="leccion-1-pagina-3"/>
    <file name="u2140-4.png" crc="3849656989" ref="actividad-leccion-1"/>
    <file name="u2141-5.png" crc="4112461748" ref="actividad-leccion-1"/>
    <file name="captura de pantalla 2018-12-11 a la(s) 103436 a m.jpg" crc="116698927" seo="true" ref="actividad-leccion-1">
      <caption webpage="actividad-leccion-1" alt=""/>
    </file>
    <file name="u2158_states.png" crc="352105619" ref="actividad-leccion-1"/>
    <file name="u2158_states-r.png" crc="383879702" ref="actividad-leccion-1"/>
    <file name="u3037-4.png" crc="4226278382" ref="actividad-leccion-1"/>
    <file name="svg-pegado-164526x92.svg" crc="4277111291" seo="true" ref="leccion-2">
      <caption webpage="leccion-2" alt=""/>
      <caption webpage="leccion-2" alt=""/>
      <caption webpage="leccion-2" alt=""/>
    </file>
    <file name="svg pegado 164526x92_poster_.png" crc="4092937115" ref="leccion-2"/>
    <file name="u5446-4.png" crc="4248446123" ref="leccion-2"/>
    <file name="u5452-4.png" crc="3959264323" ref="leccion-2"/>
    <file name="u10024-4.png" crc="3959264323" ref="leccion-2"/>
    <file name="u5449-4.png" crc="3936482405" ref="leccion-2"/>
    <file name="u5428-4.png" crc="4248446123" ref="leccion-2"/>
    <file name="u5437-4.png" crc="4076782775" ref="leccion-2"/>
    <file name="u5429-4.png" crc="4143150732" ref="leccion-2"/>
    <file name="u5473-4.png" crc="4168399613" ref="leccion-2"/>
    <file name="u5470-4.png" crc="509851495" ref="leccion-2"/>
    <file name="u2347-4.png" crc="133849157" ref="leccion-2"/>
    <file name="u2350-4.png" crc="96881572" ref="leccion-2"/>
    <file name="u2353-4.png" crc="95583538" ref="leccion-2"/>
    <file name="u2356-4.png" crc="4049339757" ref="leccion-2"/>
    <file name="u2344-4.png" crc="4215773050" ref="leccion-2"/>
    <file name="u9790-16.png" crc="533922812" ref="leccion-2"/>
    <file name="u6384-4.png" crc="388747919" ref="leccion-2"/>
    <file name="u6387-4.png" crc="94485773" ref="leccion-2"/>
    <file name="svg-pegado-50364x511.svg" crc="59577" seo="true" ref="leccion-2">
      <caption webpage="leccion-2" alt=""/>
    </file>
    <file name="svg pegado 50364x511_poster_.png" crc="3910887407" ref="leccion-2"/>
    <file name="svg-pegado-512002x4582.svg" crc="3868980372" seo="true" ref="leccion-2">
      <caption webpage="leccion-2" alt=""/>
    </file>
    <file name="svg pegado 512002x458_poster_2.png" crc="534967629" ref="leccion-2"/>
    <file name="u2420-4.png" crc="3873630180" ref="leccion-2"/>
    <file name="u2423-4.png" crc="65809317" ref="leccion-2"/>
    <file name="svg-pegado-820658x483.svg" crc="160151003" seo="true" ref="leccion-2">
      <caption webpage="leccion-2" alt=""/>
    </file>
    <file name="svg pegado 820658x483_poster_.png" crc="3933868738" ref="leccion-2"/>
    <file name="svg-pegado-726206x533.svg" crc="287291866" seo="true" ref="leccion-2">
      <caption webpage="leccion-2" alt=""/>
    </file>
    <file name="svg pegado 726206x533_poster_.png" crc="253543185" ref="leccion-2"/>
    <file name="u2249-4.png" crc="364447671" ref="leccion-2"/>
    <file name="u2322-4.png" crc="289699485" ref="leccion-2"/>
    <file name="u2789-4.png" crc="347551670" ref="leccion-2"/>
    <file name="u9853-4.png" crc="339217330" ref="leccion-2"/>
    <file name="u2827-4.png" crc="4011194439" ref="leccion-2"/>
    <file name="u9822-4.png" crc="4195392093" ref="leccion-2"/>
    <file name="u9875-4.png" crc="449670303" ref="leccion-2"/>
    <file name="u2814-4.png" crc="339217330" ref="leccion-2"/>
    <file name="u2792-4.png" crc="196765582" ref="leccion-2"/>
    <file name="u9850-4.png" crc="3844789800" ref="leccion-2"/>
    <file name="u2830-4.png" crc="3870624619" ref="leccion-2"/>
    <file name="u9819-4.png" crc="4116279484" ref="leccion-2"/>
    <file name="u9869-4.png" crc="192283093" ref="leccion-2"/>
    <file name="u2811-4.png" crc="3997865293" ref="leccion-2"/>
    <file name="u2328-4.png" crc="3964238012" ref="leccion-2"/>
    <file name="u2331-4.png" crc="477423884" ref="leccion-2"/>
    <file name="u2325-4.png" crc="473215991" ref="leccion-2"/>
    <file name="u2319-4.png" crc="347113856" ref="leccion-2"/>
    <file name="u2252-4.png" crc="4185667922" ref="leccion-2"/>
    <file name="u2365-4.png" crc="3944510035" ref="leccion-2"/>
    <file name="u2436-4.png" crc="3843056313" ref="leccion-2"/>
    <file name="u2776-4.png" crc="146587266" ref="leccion-2"/>
    <file name="u3022-4.png" crc="3804250135" ref="leccion-2"/>
    <file name="u2888-4.png" crc="4046012942" ref="leccion-2"/>
    <file name="u2267-4.png" crc="80546842" ref="leccion-2"/>
    <file name="u2362-8.png" crc="477829045" ref="leccion-2"/>
    <file name="u2439-4.png" crc="456619522" ref="leccion-2"/>
    <file name="u5015-4.png" crc="424501705" ref="leccion-2"/>
    <file name="u2773-8.png" crc="3970639474" ref="leccion-2"/>
    <file name="u3019-4.png" crc="4194202027" ref="leccion-2"/>
    <file name="u2885-7.png" crc="306521931" ref="leccion-2"/>
    <file name="u2901-4.png" crc="220505421" ref="leccion-2"/>
    <file name="u2843-10.png" crc="3824428201" ref="leccion-2"/>
    <file name="u2795-4.png" crc="437546" ref="leccion-2"/>
    <file name="u9856-4.png" crc="3792780451" ref="leccion-2"/>
    <file name="u2833-4.png" crc="3783302610" ref="leccion-2"/>
    <file name="u9816-4.png" crc="4276550331" ref="leccion-2"/>
    <file name="u9872-4.png" crc="4144790041" ref="leccion-2"/>
    <file name="u2808-4.png" crc="486733734" ref="leccion-2"/>
    <file name="u2765-4.png" crc="4252991121" ref="leccion-2"/>
    <file name="u2359-4.png" crc="4100452791" ref="leccion-2"/>
    <file name="u2189-4.png" crc="436249530" ref="leccion-2"/>
    <file name="u2190-4.png" crc="4266303620" ref="leccion-2"/>
    <file name="u10329.png" crc="351055437" ref="leccion-2"/>
    <file name="u10329-r.png" crc="358475271" ref="leccion-2"/>
    <file name="u10329-m.png" crc="358475271" ref="leccion-2"/>
    <file name="u10329-a.png" crc="3937645641" ref="leccion-2"/>
    <file name="u10331-23.png" crc="338891788" ref="leccion-2"/>
    <file name="svg-pegado-512x512.svg" crc="3812873935" seo="true" ref="leccion-2:leccion-3:leccion-4:leccion-5:leccion-6">
      <caption webpage="leccion-6" alt=""/>
      <caption webpage="leccion-5" alt=""/>
      <caption webpage="leccion-2" alt=""/>
      <caption webpage="leccion-3" alt=""/>
      <caption webpage="leccion-4" alt=""/>
    </file>
    <file name="svg pegado 512x512_poster_.png" crc="4293524486" ref="leccion-2"/>
    <file name="u2210-4.png" crc="4217092644" ref="leccion-2"/>
    <file name="svg-pegado-305x785.svg" crc="164860777" seo="true" ref="leccion-2">
      <caption webpage="leccion-2" alt=""/>
    </file>
    <file name="svg pegado 305x785_poster_.png" crc="3863380486" ref="leccion-2"/>
    <file name="u2225-8.png" crc="493459947" ref="leccion-2"/>
    <file name="svg-pegado-680x548.svg" crc="499024057" seo="true" ref="leccion-2">
      <caption webpage="leccion-2" alt=""/>
    </file>
    <file name="svg pegado 680x548_poster_.png" crc="3781051007" ref="leccion-2"/>
    <file name="svg-pegado-730x393.svg" crc="434000101" seo="true" ref="leccion-2">
      <caption webpage="leccion-2" alt=""/>
    </file>
    <file name="svg pegado 730x393_poster_.png" crc="525370345" ref="leccion-2"/>
    <file name="infografia_proceso_espanol.png" crc="509662009" seo="true" ref="leccion-2">
      <caption webpage="leccion-2" alt=""/>
    </file>
    <file name="svg-pegado-192419x267.svg" crc="4224260622" seo="true" ref="leccion-2">
      <caption webpage="leccion-2" alt=""/>
    </file>
    <file name="svg pegado 192419x267_poster_.png" crc="4242863483" ref="leccion-2"/>
    <file name="cafe_verde_1_2.jpg" crc="70676549" seo="true" ref="leccion-2">
      <caption webpage="leccion-2" alt=""/>
    </file>
    <file name="tostacion.jpg" crc="3771958057" seo="true" ref="leccion-2">
      <caption webpage="leccion-2" alt=""/>
    </file>
    <file name="molienda.jpg" crc="136904874" seo="true" ref="leccion-2">
      <caption webpage="leccion-2" alt=""/>
    </file>
    <file name="extraccion.jpg" crc="295758222" seo="true" ref="leccion-2">
      <caption webpage="leccion-2" alt=""/>
    </file>
    <file name="clarificacion_1_1.jpg" crc="3980236483" seo="true" ref="leccion-2">
      <caption webpage="leccion-2" alt=""/>
    </file>
    <file name="concentracion.jpg" crc="4052131292" seo="true" ref="leccion-2">
      <caption webpage="leccion-2" alt=""/>
    </file>
    <file name="empaque_extracto.jpg" crc="443720216" seo="true" ref="leccion-2">
      <caption webpage="leccion-2" alt=""/>
    </file>
    <file name="espumacion.jpg" crc="4208534333" seo="true" ref="leccion-2">
      <caption webpage="leccion-2" alt=""/>
    </file>
    <file name="congelacion.jpg" crc="4270075653" seo="true" ref="leccion-2">
      <caption webpage="leccion-2" alt=""/>
    </file>
    <file name="granulacion_1_1.jpg" crc="371073885" seo="true" ref="leccion-2">
      <caption webpage="leccion-2" alt=""/>
    </file>
    <file name="clasificacion_1_1.jpg" crc="3936854837" seo="true" ref="leccion-2">
      <caption webpage="leccion-2" alt=""/>
    </file>
    <file name="liofilizacion.jpg" crc="4198839898" seo="true" ref="leccion-2">
      <caption webpage="leccion-2" alt=""/>
    </file>
    <file name="empaque.jpg" crc="367484377" seo="true" ref="leccion-2">
      <caption webpage="leccion-2" alt=""/>
    </file>
    <file name="mantenimiento_1_1.jpg" crc="415443876" seo="true" ref="leccion-2">
      <caption webpage="leccion-2" alt=""/>
    </file>
    <file name="otros_manipuladores.jpg" crc="3987397374" seo="true" ref="leccion-2">
      <caption webpage="leccion-2" alt=""/>
    </file>
    <file name="despacho.jpg" crc="4093044560" seo="true" ref="leccion-2">
      <caption webpage="leccion-2" alt=""/>
    </file>
    <file name="recurso 1epp.png" crc="4031818682" seo="true" ref="leccion-2">
      <caption webpage="leccion-2" alt=""/>
    </file>
    <file name="u9800-14.png" crc="4223117114" ref="leccion-2"/>
    <file name="recurso 4epp.png" crc="3976059947" seo="true" ref="leccion-2">
      <caption webpage="leccion-2" alt=""/>
    </file>
    <file name="recurso 3epp.png" crc="236254101" ref="leccion-2">
      <caption webpage="leccion-2" alt=""/>
    </file>
    <file name="u9811-9.png" crc="201796848" ref="leccion-2"/>
    <file name="recurso 2riesgo.png" crc="45476870" seo="true" ref="leccion-2">
      <caption webpage="leccion-2" alt=""/>
    </file>
    <file name="recurso 3riesgo.png" crc="30381011" seo="true" ref="leccion-2">
      <caption webpage="leccion-2" alt=""/>
    </file>
    <file name="recurso 1riesgo.png" crc="306011988" seo="true" ref="leccion-2">
      <caption webpage="leccion-2" alt=""/>
    </file>
    <file name="recurso 3peligro.png" crc="4267328660" seo="true" ref="leccion-2">
      <caption webpage="leccion-2" alt=""/>
    </file>
    <file name="recurso 4epp2.png" crc="329720780" seo="true" ref="leccion-2">
      <caption webpage="leccion-2" alt=""/>
    </file>
    <file name="recurso 5peligro.png" crc="342563465" seo="true" ref="leccion-2">
      <caption webpage="leccion-2" alt=""/>
    </file>
    <file name="fopros.png" crc="532000140" seo="true" ref="leccion-2">
      <caption webpage="leccion-2" alt=""/>
    </file>
    <file name="recurso 1enfermedades.png" crc="3933344955" seo="true" ref="leccion-2">
      <caption webpage="leccion-2" alt=""/>
    </file>
    <file name="svg-pegado-928689x261.svg" crc="3940755882" seo="true" ref="leccion-2">
      <caption webpage="leccion-2" alt=""/>
    </file>
    <file name="svg pegado 928689x261_poster_.png" crc="4189282456" ref="leccion-2"/>
    <file name="svg-pegado-723.svg" crc="4008259868" seo="true" ref="leccion-2">
      <caption webpage="leccion-2" alt=""/>
    </file>
    <file name="svg pegado 723_poster_.png" crc="515515879" ref="leccion-2"/>
    <file name="svg-pegado-591639x999.svg" crc="4174673954" seo="true" ref="leccion-2">
      <caption webpage="leccion-2" alt=""/>
    </file>
    <file name="svg pegado 591639x999_poster_.png" crc="239836610" ref="leccion-2"/>
    <file name="svg-pegado-348x475.svg" crc="5511938" seo="true" ref="leccion-2">
      <caption webpage="leccion-2" alt=""/>
    </file>
    <file name="svg pegado 348x475_poster_.png" crc="4279331365" ref="leccion-2"/>
    <file name="svg-pegado-499x429.svg" crc="4126141658" seo="true" ref="leccion-2">
      <caption webpage="leccion-2" alt=""/>
      <caption webpage="leccion-2" alt=""/>
    </file>
    <file name="svg pegado 499x429_poster_.png" crc="18040074" ref="leccion-2"/>
    <file name="svg-pegado-542764x349.svg" crc="3798966478" seo="true" ref="leccion-2">
      <caption webpage="leccion-2" alt=""/>
    </file>
    <file name="svg pegado 542764x349_poster_.png" crc="417847656" ref="leccion-2"/>
    <file name="u3028_states.png" crc="4242697433" ref="leccion-2"/>
    <file name="u3028_states-r.png" crc="333450244" ref="leccion-2"/>
    <file name="svg-pegado-64x63.svg" crc="4230133920" seo="true" ref="leccion-2-pagina-2:leccion-4">
      <caption webpage="leccion-2-pagina-2" alt=""/>
      <caption webpage="leccion-2-pagina-2" alt=""/>
      <caption webpage="leccion-2-pagina-2" alt=""/>
      <caption webpage="leccion-2-pagina-2" alt=""/>
      <caption webpage="leccion-2-pagina-2" alt=""/>
      <caption webpage="leccion-4" alt=""/>
      <caption webpage="leccion-4" alt=""/>
    </file>
    <file name="svg pegado 64x63_poster_.png" crc="4117700515" ref="leccion-2-pagina-2"/>
    <file name="svg-pegado-64x632.svg" crc="196153890" seo="true" ref="leccion-2-pagina-2:leccion-4">
      <caption webpage="leccion-2-pagina-2" alt=""/>
      <caption webpage="leccion-4" alt=""/>
      <caption webpage="leccion-4" alt=""/>
    </file>
    <file name="svg pegado 64x63_poster_2.png" crc="3921949906" ref="leccion-2-pagina-2"/>
    <file name="recurso 16lavar.png" crc="3859954650" seo="true" ref="leccion-2-pagina-2">
      <caption webpage="leccion-2-pagina-2" alt=""/>
    </file>
    <file name="recurso 14lavar.png" crc="191216363" seo="true" ref="leccion-2-pagina-2">
      <caption webpage="leccion-2-pagina-2" alt=""/>
    </file>
    <file name="recurso 10lavar.png" crc="85835201" seo="true" ref="leccion-2-pagina-2">
      <caption webpage="leccion-2-pagina-2" alt=""/>
    </file>
    <file name="recurso 12lavar.png" crc="377731028" seo="true" ref="leccion-2-pagina-2">
      <caption webpage="leccion-2-pagina-2" alt=""/>
    </file>
    <file name="recurso 9lavar.png" crc="503791088" seo="true" ref="leccion-2-pagina-2">
      <caption webpage="leccion-2-pagina-2" alt=""/>
    </file>
    <file name="recurso 11lavar.png" crc="483899277" seo="true" ref="leccion-2-pagina-2">
      <caption webpage="leccion-2-pagina-2" alt=""/>
    </file>
    <file name="recurso 15lavar.png" crc="4145567228" seo="true" ref="leccion-2-pagina-2">
      <caption webpage="leccion-2-pagina-2" alt=""/>
    </file>
    <file name="svg-pegado-290625x290.svg" crc="157268714" seo="true" ref="leccion-2-pagina-2">
      <caption webpage="leccion-2-pagina-2" alt=""/>
      <caption webpage="leccion-2-pagina-2" alt=""/>
    </file>
    <file name="svg pegado 290625x290_poster_.png" crc="3813178714" ref="leccion-2-pagina-2"/>
    <file name="u3440-4.png" crc="395037460" ref="leccion-2-pagina-2"/>
    <file name="u3462-4.png" crc="27631010" ref="leccion-2-pagina-2"/>
    <file name="u3144-4.png" crc="439443454" ref="leccion-2-pagina-2"/>
    <file name="u3330-4.png" crc="3904002448" ref="leccion-2-pagina-2"/>
    <file name="u3276-4.png" crc="439443454" ref="leccion-2-pagina-2"/>
    <file name="u3166-4.png" crc="4033966042" ref="leccion-2-pagina-2"/>
    <file name="u3304-4.png" crc="4258867011" ref="leccion-2-pagina-2"/>
    <file name="u3208-4.png" crc="3861825062" ref="leccion-2-pagina-2"/>
    <file name="u3224-4.png" crc="534064839" ref="leccion-2-pagina-2"/>
    <file name="u3392-4.png" crc="3884780768" ref="leccion-2-pagina-2"/>
    <file name="u3135-5.png" crc="4158355562" ref="leccion-2-pagina-2"/>
    <file name="u3333-5.png" crc="4054995768" ref="leccion-2-pagina-2"/>
    <file name="u3282-5.png" crc="124028512" ref="leccion-2-pagina-2"/>
    <file name="u3157-5.png" crc="4100022970" ref="leccion-2-pagina-2"/>
    <file name="u3301-5.png" crc="134836982" ref="leccion-2-pagina-2"/>
    <file name="u3199-5.png" crc="3796996647" ref="leccion-2-pagina-2"/>
    <file name="u3230-5.png" crc="4155281734" ref="leccion-2-pagina-2"/>
    <file name="u3398-5.png" crc="4233595747" ref="leccion-2-pagina-2"/>
    <file name="u3141-4.png" crc="126526821" ref="leccion-2-pagina-2"/>
    <file name="u3327-4.png" crc="209296876" ref="leccion-2-pagina-2"/>
    <file name="u3279-4.png" crc="4230571254" ref="leccion-2-pagina-2"/>
    <file name="u3163-4.png" crc="450117969" ref="leccion-2-pagina-2"/>
    <file name="u3298-4.png" crc="394519478" ref="leccion-2-pagina-2"/>
    <file name="u3202-4.png" crc="4090414480" ref="leccion-2-pagina-2"/>
    <file name="u3227-4.png" crc="4178701180" ref="leccion-2-pagina-2"/>
    <file name="u3395-4.png" crc="4209068930" ref="leccion-2-pagina-2"/>
    <file name="u3136-4.png" crc="433158135" ref="leccion-2-pagina-2"/>
    <file name="u3336-4.png" crc="3816306455" ref="leccion-2-pagina-2"/>
    <file name="u3273-4.png" crc="3989292436" ref="leccion-2-pagina-2"/>
    <file name="u3160-4.png" crc="6778324" ref="leccion-2-pagina-2"/>
    <file name="u3295-4.png" crc="13316598" ref="leccion-2-pagina-2"/>
    <file name="u3205-4.png" crc="4049580337" ref="leccion-2-pagina-2"/>
    <file name="u3221-4.png" crc="126105940" ref="leccion-2-pagina-2"/>
    <file name="u3389-4.png" crc="479384864" ref="leccion-2-pagina-2"/>
    <file name="u3959_states.png" crc="390089599" ref="leccion-2-pagina-2"/>
    <file name="u3959_states-r.png" crc="3839584812" ref="leccion-2-pagina-2"/>
    <file name="u3065-4.png" crc="436249530" ref="leccion-2-pagina-2"/>
    <file name="u3066-4.png" crc="4138364613" ref="leccion-2-pagina-2"/>
    <file name="u3953_states.png" crc="4078839827" ref="leccion-2-pagina-2"/>
    <file name="u3953_states-r.png" crc="3847945326" ref="leccion-2-pagina-2"/>
    <file name="svg-pegado-585x553.svg" crc="222823382" seo="true" ref="leccion-2-pagina-2">
      <caption webpage="leccion-2-pagina-2" alt=""/>
    </file>
    <file name="svg pegado 585x553_poster_.png" crc="224516684" ref="leccion-2-pagina-2"/>
    <file name="u3075-4.png" crc="388808344" ref="leccion-2-pagina-2"/>
    <file name="u3077-4.png" crc="3962418698" ref="leccion-2-pagina-2"/>
    <file name="svg-pegado-49656x452.svg" crc="267362682" seo="true" ref="leccion-2-pagina-2">
      <caption webpage="leccion-2-pagina-2" alt=""/>
    </file>
    <file name="svg pegado 49656x452_poster_.png" crc="3762197109" ref="leccion-2-pagina-2"/>
    <file name="svg-pegado-680x5482.svg" crc="499024057" seo="true" ref="leccion-2-pagina-2">
      <caption webpage="leccion-2-pagina-2" alt=""/>
    </file>
    <file name="svg pegado 680x548_poster_2.png" crc="3781051007" ref="leccion-2-pagina-2"/>
    <file name="svg-pegado-45832x585.svg" crc="4196688648" seo="true" ref="leccion-2-pagina-2">
      <caption webpage="leccion-2-pagina-2" alt=""/>
    </file>
    <file name="svg pegado 45832x585_poster_.png" crc="310593381" ref="leccion-2-pagina-2"/>
    <file name="svg-pegado-55056x820.svg" crc="153628294" seo="true" ref="leccion-2-pagina-2">
      <caption webpage="leccion-2-pagina-2" alt=""/>
    </file>
    <file name="svg pegado 55056x820_poster_.png" crc="4000795152" ref="leccion-2-pagina-2"/>
    <file name="svg-pegado-38184x398.svg" crc="4229223035" seo="true" ref="leccion-2-pagina-2">
      <caption webpage="leccion-2-pagina-2" alt=""/>
    </file>
    <file name="svg pegado 38184x398_poster_.png" crc="3762878717" ref="leccion-2-pagina-2"/>
    <file name="svg-pegado-624x583.svg" crc="456921757" seo="true" ref="leccion-2-pagina-2">
      <caption webpage="leccion-2-pagina-2" alt=""/>
    </file>
    <file name="svg pegado 624x583_poster_.png" crc="391490809" ref="leccion-2-pagina-2"/>
    <file name="svg-pegado-49176x496.svg" crc="134667138" seo="true" ref="leccion-2-pagina-2">
      <caption webpage="leccion-2-pagina-2" alt=""/>
    </file>
    <file name="svg pegado 49176x496_poster_.png" crc="172146246" ref="leccion-2-pagina-2"/>
    <file name="svg-pegado-709x529.svg" crc="270168159" seo="true" ref="leccion-2-pagina-2">
      <caption webpage="leccion-2-pagina-2" alt=""/>
    </file>
    <file name="svg pegado 709x529_poster_.png" crc="4063505869" ref="leccion-2-pagina-2"/>
    <file name="u3425-7.png" crc="40465551" ref="leccion-2-pagina-2"/>
    <file name="recurso 1dispo820x462.png" crc="4179350858" seo="true" ref="leccion-2-pagina-2">
      <caption webpage="leccion-2-pagina-2" alt=""/>
    </file>
    <file name="u8903-4.png" crc="294149077" ref="leccion-2-pagina-2"/>
    <file name="recurso 1dispo.png" crc="4179350858" seo="true" ref="leccion-2-pagina-2">
      <caption webpage="leccion-2-pagina-2" alt=""/>
    </file>
    <file name="u3459-7.png" crc="3991705266" ref="leccion-2-pagina-2"/>
    <file name="u3996-4.png" crc="4226291630" ref="leccion-2-pagina-3"/>
    <file name="u4004-4.png" crc="4138364613" ref="leccion-2-pagina-3"/>
    <file name="u4023-4.png" crc="233138508" ref="leccion-2-pagina-3"/>
    <file name="captura de pantalla 2019-01-28 a la(s) 110853 a m.jpg" crc="3957798308" seo="true" ref="leccion-2-pagina-3">
      <caption webpage="leccion-2-pagina-3" alt=""/>
    </file>
    <file name="u4026-4.png" crc="4226278382" ref="leccion-2-pagina-3"/>
    <file name="u4007_states.png" crc="352105619" ref="leccion-2-pagina-3"/>
    <file name="u4007_states-r.png" crc="383879702" ref="leccion-2-pagina-3"/>
    <file name="u4397-4.png" crc="210694216" ref="leccion-3"/>
    <file name="svg-pegado-343.svg" crc="377204052" seo="true" ref="leccion-3">
      <caption webpage="leccion-3" alt=""/>
    </file>
    <file name="svg pegado 343_poster_.png" crc="4100713658" ref="leccion-3"/>
    <file name="svg-pegado-416x480.svg" crc="482833518" seo="true" ref="leccion-3">
      <caption webpage="leccion-3" alt=""/>
    </file>
    <file name="svg pegado 416x480_poster_.png" crc="177670616" ref="leccion-3"/>
    <file name="svg-pegado-1023157x612.svg" crc="499422773" seo="true" ref="leccion-3">
      <caption webpage="leccion-3" alt=""/>
    </file>
    <file name="svg pegado 1023157x612_poster_.png" crc="3802414737" ref="leccion-3"/>
    <file name="svg-pegado-1053497x555.svg" crc="4253322850" seo="true" ref="leccion-3">
      <caption webpage="leccion-3" alt=""/>
    </file>
    <file name="svg pegado 1053497x555_poster_.png" crc="3954930282" ref="leccion-3"/>
    <file name="banos.png" crc="448850134" seo="true" ref="leccion-3">
      <caption webpage="leccion-3" alt=""/>
    </file>
    <file name="u4236-4.png" crc="129483745" ref="leccion-3"/>
    <file name="svg-pegado-70x70.svg" crc="364768467" seo="true" ref="leccion-3">
      <caption webpage="leccion-3" alt=""/>
    </file>
    <file name="svg pegado 70x70_poster_.png" crc="4204480956" ref="leccion-3"/>
    <file name="u4328-4.png" crc="160130409" ref="leccion-3"/>
    <file name="u4344-4.png" crc="4117466957" ref="leccion-3"/>
    <file name="u4347-4.png" crc="3908860387" ref="leccion-3"/>
    <file name="u4276-4.png" crc="4031963989" ref="leccion-3"/>
    <file name="u4307-4.png" crc="301869304" ref="leccion-3"/>
    <file name="u4353-4.png" crc="335075420" ref="leccion-3"/>
    <file name="svg-pegado-512x5122.svg" crc="3758707300" seo="true" ref="leccion-3">
      <caption webpage="leccion-3" alt=""/>
    </file>
    <file name="svg pegado 512x512_poster_2.png" crc="3887237613" ref="leccion-3"/>
    <file name="u4242-4.png" crc="4012447404" ref="leccion-3"/>
    <file name="svg-pegado-512x5112.svg" crc="4249973491" seo="true" ref="leccion-3">
      <caption webpage="leccion-3" alt=""/>
    </file>
    <file name="svg pegado 512x511_poster_2.png" crc="4291422458" ref="leccion-3"/>
    <file name="u4213-4.png" crc="259779153" ref="leccion-3"/>
    <file name="u4210-4.png" crc="4281802499" ref="leccion-3"/>
    <file name="u4126-4.png" crc="153222551" ref="leccion-3"/>
    <file name="u4130-4.png" crc="22706342" ref="leccion-3"/>
    <file name="u4146-4.png" crc="3817224407" ref="leccion-3"/>
    <file name="u4143-4.png" crc="4268572887" ref="leccion-3"/>
    <file name="u4100-4.png" crc="297457257" ref="leccion-3"/>
    <file name="u4101-4.png" crc="3761175615" ref="leccion-3"/>
    <file name="u4239-4.png" crc="4096213113" ref="leccion-3"/>
    <file name="u4273-4.png" crc="242618976" ref="leccion-3"/>
    <file name="u4322-4.png" crc="365739557" ref="leccion-3"/>
    <file name="u4350-10.png" crc="4126827558" ref="leccion-3"/>
    <file name="u4409-9.png" crc="3859520192" ref="leccion-3"/>
    <file name="u4441-6.png" crc="3946433523" ref="leccion-3"/>
    <file name="svg-pegado-512x5123.svg" crc="9411538" seo="true" ref="leccion-3:leccion-4">
      <caption webpage="leccion-3" alt=""/>
      <caption webpage="leccion-4" alt=""/>
      <caption webpage="leccion-4" alt=""/>
    </file>
    <file name="svg pegado 512x512_poster_3.png" crc="34121167" ref="leccion-3"/>
    <file name="u4053-4.png" crc="313129562" ref="leccion-3"/>
    <file name="u4062-4.png" crc="248180302" ref="leccion-3"/>
    <file name="u4063-4.png" crc="57166916" ref="leccion-3"/>
    <file name="u4448_states.png" crc="390089599" ref="leccion-3"/>
    <file name="u4448_states-r.png" crc="3839584812" ref="leccion-3"/>
    <file name="u10346.png" crc="3864737488" ref="leccion-3"/>
    <file name="u10346-r.png" crc="338317340" ref="leccion-3"/>
    <file name="u10346-m.png" crc="338317340" ref="leccion-3"/>
    <file name="u10346-a.png" crc="4249640156" ref="leccion-3"/>
    <file name="u10345-14.png" crc="4150629535" ref="leccion-3"/>
    <file name="u4056-4.png" crc="4217092644" ref="leccion-3"/>
    <file name="fabrica-crop-u4092.png" crc="3836572870" seo="true" ref="leccion-3">
      <caption webpage="leccion-3" alt=""/>
    </file>
    <file name="u4058-7.png" crc="254667718" ref="leccion-3"/>
    <file name="svg-pegado-52728x332.svg" crc="3978031048" seo="true" ref="leccion-3">
      <caption webpage="leccion-3" alt=""/>
    </file>
    <file name="svg pegado 52728x332_poster_.png" crc="13892755" ref="leccion-3"/>
    <file name="svg-pegado-52416x280.svg" crc="164060865" seo="true" ref="leccion-3">
      <caption webpage="leccion-3" alt=""/>
    </file>
    <file name="svg pegado 52416x280_poster_.png" crc="390143827" ref="leccion-3"/>
    <file name="svg-pegado-5736x345.svg" crc="4132147149" seo="true" ref="leccion-3">
      <caption webpage="leccion-3" alt=""/>
    </file>
    <file name="svg pegado 5736x345_poster_.png" crc="234644150" ref="leccion-3"/>
    <file name="svg-pegado-67848x302.svg" crc="3874163562" seo="true" ref="leccion-3">
      <caption webpage="leccion-3" alt=""/>
    </file>
    <file name="svg pegado 67848x302_poster_.png" crc="503429620" ref="leccion-3"/>
    <file name="alberca_4.jpg" crc="4126280777" seo="true" ref="leccion-3">
      <caption webpage="leccion-3" alt=""/>
    </file>
    <file name="pisos.jpg" crc="3772586446" seo="true" ref="leccion-3">
      <caption webpage="leccion-3" alt=""/>
    </file>
    <file name="drenaje.jpg" crc="4292506915" seo="true" ref="leccion-3">
      <caption webpage="leccion-3" alt=""/>
    </file>
    <file name="lampara_reglamentaria.jpg" crc="402838303" seo="true" ref="leccion-3">
      <caption webpage="leccion-3" alt=""/>
    </file>
    <file name="ventilacion.jpg" crc="3954720585" seo="true" ref="leccion-3">
      <caption webpage="leccion-3" alt=""/>
    </file>
    <file name="u4507-4.png" crc="209766679" ref="leccion-3-pagina-2"/>
    <file name="u4523-4.png" crc="57166916" ref="leccion-3-pagina-2"/>
    <file name="u4505-4.png" crc="4184225875" ref="leccion-3-pagina-2"/>
    <file name="u4526-4.png" crc="4226278382" ref="leccion-3-pagina-2"/>
    <file name="u4509_states.png" crc="352105619" ref="leccion-3-pagina-2"/>
    <file name="u4509_states-r.png" crc="383879702" ref="leccion-3-pagina-2"/>
    <file name="u6953-4.png" crc="4048948526" ref="leccion-4"/>
    <file name="u7012-4.png" crc="4166232359" ref="leccion-4"/>
    <file name="u7053-4.png" crc="3884982722" ref="leccion-4"/>
    <file name="u6966-4.png" crc="3774615412" ref="leccion-4"/>
    <file name="u7037-4.png" crc="483419089" ref="leccion-4"/>
    <file name="u6922-4.png" crc="65663654" ref="leccion-4"/>
    <file name="u7000-4.png" crc="4109818883" ref="leccion-4"/>
    <file name="u7050-4.png" crc="359757871" ref="leccion-4"/>
    <file name="u6969-4.png" crc="509633013" ref="leccion-4"/>
    <file name="u7025-4.png" crc="3945710803" ref="leccion-4"/>
    <file name="svg-pegado-594635x257.svg" crc="217527164" seo="true" ref="leccion-4">
      <caption webpage="leccion-4" alt=""/>
    </file>
    <file name="svg pegado 594635x257_poster_.png" crc="7539333" ref="leccion-4"/>
    <file name="svg-pegado-1085x648.svg" crc="3807435880" seo="true" ref="leccion-4">
      <caption webpage="leccion-4" alt=""/>
    </file>
    <file name="svg pegado 1085x648_poster_.png" crc="94075445" ref="leccion-4"/>
    <file name="u6874-4.png" crc="4234323004" ref="leccion-4"/>
    <file name="u7059-4.png" crc="239641051" ref="leccion-4"/>
    <file name="u6875-4.png" crc="3914246251" ref="leccion-4"/>
    <file name="u7056-7.png" crc="3898010010" ref="leccion-4"/>
    <file name="u7084-7.png" crc="88176279" ref="leccion-4"/>
    <file name="u7088_states.png" crc="390089599" ref="leccion-4"/>
    <file name="u7088_states-r.png" crc="3839584812" ref="leccion-4"/>
    <file name="u6779-4.png" crc="313129562" ref="leccion-4"/>
    <file name="u6769-4.png" crc="3875148413" ref="leccion-4"/>
    <file name="u6770-4.png" crc="489714839" ref="leccion-4"/>
    <file name="u10361.png" crc="365252373" ref="leccion-4"/>
    <file name="u10361-r.png" crc="133316249" ref="leccion-4"/>
    <file name="u10361-m.png" crc="133316249" ref="leccion-4"/>
    <file name="u10361-a.png" crc="3791590323" ref="leccion-4"/>
    <file name="u10360-9.png" crc="4059051768" ref="leccion-4"/>
    <file name="u6780-4.png" crc="4217092644" ref="leccion-4"/>
    <file name="equipos_y_utensilios.jpg" crc="3772330278" seo="true" ref="leccion-4">
      <caption webpage="leccion-4" alt=""/>
    </file>
    <file name="u6782-7.png" crc="4066153942" ref="leccion-4"/>
    <file name="svg-pegado-498.svg" crc="302579738" seo="true" ref="leccion-4">
      <caption webpage="leccion-4" alt=""/>
    </file>
    <file name="svg pegado 498_poster_.png" crc="4056013076" ref="leccion-4"/>
    <file name="u6808-4.png" crc="4079943686" ref="leccion-4"/>
    <file name="u6809-4.png" crc="371277864" ref="leccion-4"/>
    <file name="svg-pegado-456477x382.svg" crc="341194068" seo="true" ref="leccion-4">
      <caption webpage="leccion-4" alt=""/>
    </file>
    <file name="svg pegado 456477x382_poster_.png" crc="3811610604" ref="leccion-4"/>
    <file name="svg-pegado-283885x387.svg" crc="4281809639" seo="true" ref="leccion-4">
      <caption webpage="leccion-4" alt=""/>
    </file>
    <file name="svg pegado 283885x387_poster_.png" crc="3994983897" ref="leccion-4"/>
    <file name="svg-pegado-433099x286.svg" crc="240400173" seo="true" ref="leccion-4">
      <caption webpage="leccion-4" alt=""/>
    </file>
    <file name="svg pegado 433099x286_poster_.png" crc="179139822" ref="leccion-4"/>
    <file name="svg-pegado-26351x254.svg" crc="358888944" seo="true" ref="leccion-4">
      <caption webpage="leccion-4" alt=""/>
    </file>
    <file name="svg pegado 26351x254_poster_.png" crc="398818211" ref="leccion-4"/>
    <file name="svg-pegado-997x323.svg" crc="463371468" seo="true" ref="leccion-4">
      <caption webpage="leccion-4" alt=""/>
    </file>
    <file name="svg pegado 997x323_poster_.png" crc="508651578" ref="leccion-4"/>
    <file name="u7128-4.png" crc="432097436" ref="leccion-4-pagina-2"/>
    <file name="u7131-4.png" crc="279080919" ref="leccion-4-pagina-2"/>
    <file name="u7126-4.png" crc="511965983" ref="leccion-4-pagina-2"/>
    <file name="u7132-4.png" crc="4226278382" ref="leccion-4-pagina-2"/>
    <file name="u7129_states.png" crc="352105619" ref="leccion-4-pagina-2"/>
    <file name="u7129_states-r.png" crc="383879702" ref="leccion-4-pagina-2"/>
    <file name="u7291-16.png" crc="4067161950" ref="leccion-5"/>
    <file name="u7250-4.png" crc="313129562" ref="leccion-5"/>
    <file name="u7342-4.png" crc="453228012" ref="leccion-5"/>
    <file name="u7673-4.png" crc="4097377280" ref="leccion-5"/>
    <file name="u7792-4.png" crc="267046280" ref="leccion-5"/>
    <file name="u7839-4.png" crc="4290127129" ref="leccion-5"/>
    <file name="u7343-6.png" crc="4154779782" ref="leccion-5"/>
    <file name="u7376-6.png" crc="3822098856" ref="leccion-5"/>
    <file name="u7664-6.png" crc="367474828" ref="leccion-5"/>
    <file name="u7711-4.png" crc="498953067" ref="leccion-5"/>
    <file name="u7867-4.png" crc="369321474" ref="leccion-5"/>
    <file name="u7370-6.png" crc="474721785" ref="leccion-5"/>
    <file name="u7373-6.png" crc="3838574723" ref="leccion-5"/>
    <file name="svg-pegado-480.svg" crc="156364713" seo="true" ref="leccion-5">
      <caption webpage="leccion-5" alt=""/>
    </file>
    <file name="svg pegado 480_poster_.png" crc="3930112267" ref="leccion-5"/>
    <file name="svg-pegado-384.svg" crc="4019625769" seo="true" ref="leccion-5">
      <caption webpage="leccion-5" alt=""/>
    </file>
    <file name="svg pegado 384_poster_.png" crc="4145489647" ref="leccion-5"/>
    <file name="svg-pegado-512x433.svg" crc="3836992485" seo="true" ref="leccion-5">
      <caption webpage="leccion-5" alt=""/>
    </file>
    <file name="svg pegado 512x433_poster_.png" crc="4195189119" ref="leccion-5"/>
    <file name="svg-pegado-496554x496.svg" crc="4252455999" seo="true" ref="leccion-5">
      <caption webpage="leccion-5" alt=""/>
    </file>
    <file name="svg pegado 496554x496_poster_.png" crc="4260997723" ref="leccion-5"/>
    <file name="u7931_states.png" crc="390089599" ref="leccion-5"/>
    <file name="u7931_states-r.png" crc="3839584812" ref="leccion-5"/>
    <file name="u7238-4.png" crc="4114103396" ref="leccion-5"/>
    <file name="u7239-4.png" crc="3836009663" ref="leccion-5"/>
    <file name="u10376.png" crc="61973003" ref="leccion-5"/>
    <file name="u10376-r.png" crc="4097203334" ref="leccion-5"/>
    <file name="u10376-m.png" crc="4097203334" ref="leccion-5"/>
    <file name="u10376-a.png" crc="3885238240" ref="leccion-5"/>
    <file name="u10375-33.png" crc="4187745372" ref="leccion-5"/>
    <file name="u7251-4.png" crc="4217092644" ref="leccion-5"/>
    <file name="limpieza-crop-u7249.jpg" crc="4287963360" seo="true" ref="leccion-5">
      <caption webpage="leccion-5" alt=""/>
    </file>
    <file name="u7253-4.png" crc="3863004589" ref="leccion-5"/>
    <file name="svg-pegado-496x4962.svg" crc="424598854" seo="true" ref="leccion-5:leccion-6">
      <caption webpage="leccion-6" alt=""/>
      <caption webpage="leccion-5" alt=""/>
    </file>
    <file name="svg pegado 496x496_poster_2.png" crc="310445643" ref="leccion-5"/>
    <file name="u7275-4.png" crc="4018642042" ref="leccion-5"/>
    <file name="u7276-6.png" crc="3867758999" ref="leccion-5"/>
    <file name="svg-pegado-308x519.svg" crc="3845762847" seo="true" ref="leccion-5">
      <caption webpage="leccion-5" alt=""/>
    </file>
    <file name="svg pegado 308x519_poster_.png" crc="4143933312" ref="leccion-5"/>
    <file name="autoclave.jpg" crc="4026233567" seo="true" ref="leccion-5">
      <caption webpage="leccion-5" alt=""/>
    </file>
    <file name="recurso_6epp.png" crc="111928351" seo="true" ref="leccion-5">
      <caption webpage="leccion-5" alt=""/>
    </file>
    <file name="cip.jpg" crc="3945869879" seo="true" ref="leccion-5">
      <caption webpage="leccion-5" alt=""/>
    </file>
    <file name="u7780-10.png" crc="3902837872" ref="leccion-5"/>
    <file name="svg-pegado-387707x563.svg" crc="353343361" seo="true" ref="leccion-5">
      <caption webpage="leccion-5" alt=""/>
    </file>
    <file name="svg pegado 387707x563_poster_.png" crc="3933549079" ref="leccion-5"/>
    <file name="u7905-4.png" crc="3854190067" ref="leccion-5-pagina-2"/>
    <file name="u7906-4.png" crc="3909703640" ref="leccion-5-pagina-2"/>
    <file name="u7914-4.png" crc="511965983" ref="leccion-5-pagina-2"/>
    <file name="u7917-4.png" crc="4226278382" ref="leccion-5-pagina-2"/>
    <file name="u7915_states.png" crc="352105619" ref="leccion-5-pagina-2"/>
    <file name="u7915_states-r.png" crc="383879702" ref="leccion-5-pagina-2"/>
    <file name="svg-pegado-868.svg" crc="513899828" seo="true" ref="leccion-6">
      <caption webpage="leccion-6" alt=""/>
    </file>
    <file name="svg pegado 868_poster_.png" crc="276450171" ref="leccion-6"/>
    <file name="u7978-4.png" crc="313129562" ref="leccion-6"/>
    <file name="u8062-6.png" crc="402448417" ref="leccion-6"/>
    <file name="u8081-6.png" crc="3965020970" ref="leccion-6"/>
    <file name="u8097-6.png" crc="4112552775" ref="leccion-6"/>
    <file name="u8065-4.png" crc="3879060373" ref="leccion-6"/>
    <file name="u8078-4.png" crc="503172282" ref="leccion-6"/>
    <file name="u8094-4.png" crc="3901253144" ref="leccion-6"/>
    <file name="u8215-7.png" crc="295400477" ref="leccion-6"/>
    <file name="recurso 52residuos.png" crc="187715937" seo="true" ref="leccion-6">
      <caption webpage="leccion-6" alt=""/>
    </file>
    <file name="recurso 53residuos.png" crc="239078564" seo="true" ref="leccion-6">
      <caption webpage="leccion-6" alt=""/>
    </file>
    <file name="u8176-4.png" crc="517001848" ref="leccion-6"/>
    <file name="u8179-4.png" crc="361652562" ref="leccion-6"/>
    <file name="u10195-4.png" crc="107744146" ref="leccion-6"/>
    <file name="u10198-4.png" crc="179582564" ref="leccion-6"/>
    <file name="u8188-4.png" crc="516009107" ref="leccion-6"/>
    <file name="u8202-4.png" crc="463641014" ref="leccion-6"/>
    <file name="u8247-4.png" crc="168040236" ref="leccion-6"/>
    <file name="u8384-4.png" crc="83231048" ref="leccion-6"/>
    <file name="u8471-4.png" crc="3941518277" ref="leccion-6"/>
    <file name="svg-pegado-511998x511.svg" crc="404771335" seo="true" ref="leccion-6">
      <caption webpage="leccion-6" alt=""/>
    </file>
    <file name="svg pegado 511998x511_poster_.png" crc="417945206" ref="leccion-6"/>
    <file name="recurso 65dispo.png" crc="4250905675" seo="true" ref="leccion-6">
      <caption webpage="leccion-6" alt=""/>
    </file>
    <file name="recurso 64dispo.png" crc="535355306" seo="true" ref="leccion-6">
      <caption webpage="leccion-6" alt=""/>
    </file>
    <file name="recurso 61dispo.png" crc="3928306891" seo="true" ref="leccion-6">
      <caption webpage="leccion-6" alt=""/>
    </file>
    <file name="recurso 62dispo.png" crc="4085952607" seo="true" ref="leccion-6">
      <caption webpage="leccion-6" alt=""/>
    </file>
    <file name="recurso 63dispo.png" crc="116096510" seo="true" ref="leccion-6">
      <caption webpage="leccion-6" alt=""/>
    </file>
    <file name="recurso 60dispo.png" crc="139375013" seo="true" ref="leccion-6">
      <caption webpage="leccion-6" alt=""/>
    </file>
    <file name="svg-pegado-426.svg" crc="3934987154" seo="true" ref="leccion-6">
      <caption webpage="leccion-6" alt=""/>
    </file>
    <file name="svg pegado 426_poster_.png" crc="4272084752" ref="leccion-6"/>
    <file name="svg-pegado-428849x418.svg" crc="15795801" seo="true" ref="leccion-6">
      <caption webpage="leccion-6" alt=""/>
      <caption webpage="leccion-6" alt=""/>
    </file>
    <file name="svg pegado 428849x418_poster_.png" crc="187862184" ref="leccion-6"/>
    <file name="u8506_states.png" crc="390089599" ref="leccion-6"/>
    <file name="u8506_states-r.png" crc="3839584812" ref="leccion-6"/>
    <file name="u7968-4.png" crc="4137890962" ref="leccion-6"/>
    <file name="u7969-4.png" crc="3861555657" ref="leccion-6"/>
    <file name="u10391.png" crc="3912505680" ref="leccion-6"/>
    <file name="u10391-r.png" crc="3772615254" ref="leccion-6"/>
    <file name="u10391-m.png" crc="3772615254" ref="leccion-6"/>
    <file name="u10391-a.png" crc="4167777474" ref="leccion-6"/>
    <file name="u10390-30.png" crc="123497113" ref="leccion-6"/>
    <file name="u7979-4.png" crc="4217092644" ref="leccion-6"/>
    <file name="patio_residuos.jpg" crc="3931985084" seo="true" ref="leccion-6">
      <caption webpage="leccion-6" alt=""/>
    </file>
    <file name="u7981-4.png" crc="4256462119" ref="leccion-6"/>
    <file name="u8007-4.png" crc="442333437" ref="leccion-6"/>
    <file name="u8008-6.png" crc="4043371929" ref="leccion-6"/>
    <file name="corrosivos.jpg" crc="206907323" seo="true" ref="leccion-6">
      <caption webpage="leccion-6" alt=""/>
    </file>
    <file name="u8103-5.png" crc="294163906" ref="leccion-6"/>
    <file name="reactivos.jpg" crc="86278158" seo="true" ref="leccion-6">
      <caption webpage="leccion-6" alt=""/>
    </file>
    <file name="u8116-5.png" crc="4217000001" ref="leccion-6"/>
    <file name="solventes.jpg" crc="4262602143" seo="true" ref="leccion-6">
      <caption webpage="leccion-6" alt=""/>
    </file>
    <file name="u8136-5.png" crc="465032210" ref="leccion-6"/>
    <file name="patogenicos.jpg" crc="3972679614" seo="true" ref="leccion-6">
      <caption webpage="leccion-6" alt=""/>
    </file>
    <file name="u8156-7.png" crc="3934292241" ref="leccion-6"/>
    <file name="u8182-19.png" crc="4249818177" ref="leccion-6"/>
    <file name="u8185-17.png" crc="234610557" ref="leccion-6"/>
    <file name="u8228-29.png" crc="3823738725" ref="leccion-6"/>
    <file name="jardines_2-crop-u8218.jpg" crc="3765609096" seo="true" ref="leccion-6">
      <caption webpage="leccion-6" alt=""/>
    </file>
    <file name="recipientes.jpg" crc="326505458" seo="true" ref="leccion-6">
      <caption webpage="leccion-6" alt=""/>
    </file>
    <file name="u8241-4.png" crc="361764027" ref="leccion-6"/>
    <file name="u8372-4.png" crc="193538356" ref="leccion-6"/>
    <file name="u8452-4.png" crc="266935927" ref="leccion-6"/>
    <file name="infografia_mural809x545.jpg" crc="309642239" seo="true" ref="leccion-6">
      <caption webpage="leccion-6" alt=""/>
    </file>
    <file name="infografia_mural.jpg" crc="4229950603" seo="true" ref="leccion-6">
      <caption webpage="leccion-6" alt=""/>
    </file>
    <file name="u8465-4.png" crc="301117884" ref="leccion-6"/>
    <file name="recurso 1dispo2.png" crc="292600562" seo="true" ref="leccion-6">
      <caption webpage="leccion-6" alt=""/>
    </file>
    <file name="u8543-4.png" crc="409491137" ref="leccion-6-pagina-2"/>
    <file name="u8544-4.png" crc="4200092207" ref="leccion-6-pagina-2"/>
    <file name="u8552-4.png" crc="511965983" ref="leccion-6-pagina-2"/>
    <file name="u8555-4.png" crc="4226278382" ref="leccion-6-pagina-2"/>
    <file name="u8553_states.png" crc="352105619" ref="leccion-6-pagina-2"/>
    <file name="u8553_states-r.png" crc="383879702" ref="leccion-6-pagina-2"/>
  </folder>
  <file name="index.html" crc="4050911658" seo="true" mt="1557245179185" redirect="true"/>
  <file name="modulos.html" crc="262948975" seo="true" mt="1557866457838" redirect="true"/>
  <file name="modulo-1.html" crc="3989210778" seo="true" mt="1557412901673" redirect="true"/>
  <file name="modulo-2.html" crc="4293702407" seo="true" mt="1557245179185" redirect="true"/>
  <file name="modulo-3.html" crc="244375342" seo="true" mt="1557245179185" redirect="true"/>
  <file name="leccion-1.html" crc="4163243271" seo="true" mt="1557866810550" redirect="true"/>
  <file name="leccion-1-pagina-2.html" crc="3890929623" seo="true" mt="1557257586586" redirect="true"/>
  <file name="leccion-1-pagina-3.html" crc="17172031" seo="true" mt="1557257767496" redirect="true"/>
  <file name="actividad-leccion-1.html" crc="406777245" seo="true" mt="1557245199253" redirect="true"/>
  <file name="leccion-2.html" crc="4265370701" seo="true" mt="1557866815672" redirect="true"/>
  <file name="leccion-2-pagina-2.html" crc="4144823630" seo="true" mt="1557419887160" redirect="true"/>
  <file name="leccion-2-pagina-3.html" crc="128577325" seo="true" mt="1557245199253" redirect="true"/>
  <file name="leccion-3.html" crc="4244925742" seo="true" mt="1557866822338" redirect="true"/>
  <file name="leccion-3-pagina-2.html" crc="3831732485" seo="true" mt="1557245199253" redirect="true"/>
  <file name="leccion-4.html" crc="3920247282" seo="true" mt="1557866824594" redirect="true"/>
  <file name="leccion-4-pagina-2.html" crc="500360701" seo="true" mt="1557245199253" redirect="true"/>
  <file name="leccion-5.html" crc="216447385" seo="true" mt="1557866826717" redirect="true"/>
  <file name="leccion-5-pagina-2.html" crc="3784991060" seo="true" mt="1557245199253" redirect="true"/>
  <file name="leccion-6.html" crc="4119422630" seo="true" mt="1557866829290" redirect="true"/>
  <file name="leccion-6-pagina-2.html" crc="4027102009" seo="true" mt="1557245199253" redirect="true"/>
</manifest>